departure date,arrival date,train type,price,train class,fare
2019-04-28 10:40:00,2019-04-28 12:27:00,AVE,73.1,Turista,Flexible
2019-04-28 06:38:00,2019-04-28 13:37:00,REGIONAL,28.35,Turista,Adulto ida
2019-04-28 08:00:00,2019-04-28 09:53:00,AVE,66.55,Preferente,Promo
2019-04-28 09:50:00,2019-04-28 16:58:00,REGIONAL,28.35,Turista,Adulto ida
2019-04-28 12:40:00,2019-04-28 14:20:00,AVE,51.15,Turista,Promo
2019-04-28 14:10:00,2019-04-28 15:48:00,AVE,45.3,Turista,Promo
2019-04-28 14:50:00,2019-04-28 22:17:00,REGIONAL,28.35,Turista,Adulto ida
2019-04-28 15:10:00,2019-04-28 17:03:00,AVE,57.75,Turista,Promo
2019-04-28 16:15:00,2019-04-28 17:55:00,AVE,51.15,Turista,Promo
2019-04-28 17:10:00,2019-04-28 18:50:00,AVE,66.55,Preferente,Promo
2019-04-28 17:30:00,2019-04-28 23:58:00,MD-LD,32.4,Turista con enlace,Promo +
2019-04-28 18:10:00,2019-04-28 19:57:00,AVE,46.8,Preferente,Promo
2019-04-28 18:35:00,2019-04-28 20:21:00,AVE,51.15,Turista,Promo
2019-04-28 19:15:00,2019-04-28 21:01:00,AVE,45.3,Turista,Promo
2019-04-28 20:15:00,2019-04-28 21:55:00,AVE,51.15,Turista,Promo
2019-04-28 21:05:00,2019-04-28 23:32:00,INTERCITY,55.4,Turista,Flexible
2019-04-27 06:38:00,2019-04-27 13:37:00,REGIONAL,28.35,Turista,Adulto ida
2019-04-27 08:00:00,2019-04-27 09:53:00,AVE,73.1,Turista,Flexible
2019-04-27 08:10:00,2019-04-27 12:22:00,INTERCITY,36.05,Turista Plus,Promo
2019-04-27 09:00:00,2019-04-27 11:33:00,ALVIA,71.0,Turista,Flexible
2019-04-27 09:40:00,2019-04-27 11:20:00,AVE,73.1,Turista,Flexible
2019-04-27 10:40:00,2019-04-27 12:27:00,AVE,58.95,Preferente,Promo
2019-04-27 12:40:00,2019-04-27 14:20:00,AVE,45.3,Turista,Promo
2019-04-27 14:10:00,2019-04-27 15:48:00,AVE,39.45,Turista,Promo
2019-04-27 14:50:00,2019-04-27 22:17:00,REGIONAL,28.35,Turista,Adulto ida
2019-04-27 15:10:00,2019-04-27 17:03:00,AVE,51.15,Turista,Promo
2019-04-27 17:10:00,2019-04-27 18:50:00,AVE,51.15,Turista,Promo
2019-04-27 19:15:00,2019-04-27 21:01:00,AVE,33.65,Turista,Promo
2019-04-27 20:15:00,2019-04-27 21:55:00,AVE,33.65,Turista,Promo
2019-04-27 21:05:00,2019-04-27 23:32:00,INTERCITY,29.9,Turista,Promo
2019-04-26 06:20:00,2019-04-26 10:36:00,INTERCITY,,Preferente,Promo
2019-04-26 06:30:00,2019-04-26 08:22:00,AVE,66.55,Preferente,Promo
2019-04-26 06:38:00,2019-04-26 14:20:00,REGIONAL,28.35,Turista,Adulto ida
2019-04-26 07:10:00,2019-04-26 08:51:00,AVE,,Preferente,Promo
2019-04-26 08:00:00,2019-04-26 09:47:00,AVE,,Preferente,Promo
2019-04-26 09:00:00,2019-04-26 11:33:00,ALVIA,64.6,Preferente,Promo
2019-04-26 09:40:00,2019-04-26 11:20:00,AVE,66.55,Preferente,Promo
2019-04-26 09:50:00,2019-04-26 16:58:00,REGIONAL,28.35,Turista,Adulto ida
2019-04-26 10:40:00,2019-04-26 12:32:00,AVE,57.75,Turista,Promo
2019-04-26 12:40:00,2019-04-26 14:20:00,AVE,51.15,Turista,Promo
2019-04-26 14:10:00,2019-04-26 15:48:00,AVE,51.15,Turista,Promo
2019-04-26 14:50:00,2019-04-26 22:04:00,REGIONAL,28.35,Turista,Adulto ida
2019-04-26 15:10:00,2019-04-26 17:03:00,AVE,76.4,Preferente,Promo
2019-04-26 16:15:00,2019-04-26 17:55:00,AVE,57.75,Turista,Promo
2019-04-26 17:10:00,2019-04-26 18:50:00,AVE,57.75,Turista,Promo
2019-04-26 17:30:00,2019-04-26 23:58:00,MD-LD,32.4,Turista con enlace,Promo +
2019-04-26 18:10:00,2019-04-26 19:57:00,AVE,66.55,Preferente,Promo
2019-04-26 19:40:00,2019-04-26 21:23:00,AVE,,Turista,Promo
2019-04-26 20:15:00,2019-04-26 21:55:00,AVE,,Turista,Promo
2019-04-26 21:05:00,2019-04-26 23:32:00,INTERCITY,43.75,Turista,Promo
2019-04-25 06:20:00,2019-04-25 10:36:00,INTERCITY,30.05,Turista,Promo
2019-04-25 06:30:00,2019-04-25 08:22:00,AVE,66.55,Preferente,Promo
2019-04-25 06:38:00,2019-04-25 14:20:00,REGIONAL,28.35,Turista,Adulto ida
2019-04-25 07:10:00,2019-04-25 08:51:00,AVE,57.75,Turista,Promo
2019-04-25 07:40:00,2019-04-25 09:20:00,AVE,51.15,Turista,Promo
2019-04-25 08:00:00,2019-04-25 09:47:00,AVE,66.55,Preferente,Promo
2019-04-25 08:40:00,2019-04-25 10:20:00,AVE,66.55,Preferente,Promo
2019-04-25 09:00:00,2019-04-25 11:33:00,ALVIA,46.15,Preferente,Promo
2019-04-25 09:40:00,2019-04-25 11:20:00,AVE,66.55,Preferente,Promo
2019-04-25 09:50:00,2019-04-25 17:28:00,REGIONAL,28.35,Turista,Adulto ida
2019-04-25 10:40:00,2019-04-25 12:32:00,AVE,57.75,Turista,Promo
2019-04-25 12:40:00,2019-04-25 14:20:00,AVE,45.3,Turista,Promo
2019-04-25 14:10:00,2019-04-25 15:48:00,AVE,45.3,Turista,Promo
2019-04-25 14:50:00,2019-04-25 22:30:00,REGIONAL,28.35,Turista,Adulto ida
2019-04-25 15:10:00,2019-04-25 17:03:00,AVE,66.55,Preferente,Promo
2019-04-25 16:15:00,2019-04-25 17:55:00,AVE,66.55,Preferente,Promo
2019-04-25 17:10:00,2019-04-25 18:50:00,AVE,73.1,Turista,Flexible
2019-04-25 17:30:00,2019-04-25 23:58:00,MD-LD,32.4,Turista con enlace,Promo +
2019-04-25 18:10:00,2019-04-25 19:57:00,AVE,73.1,Turista,Flexible
2019-04-25 19:10:00,2019-04-25 20:50:00,AVE,57.75,Turista,Promo
2019-04-25 20:15:00,2019-04-25 21:55:00,AVE,39.45,Turista,Promo
2019-04-25 21:05:00,2019-04-25 23:32:00,INTERCITY,29.9,Turista,Promo
2019-06-17 06:38:00,2019-06-17 14:20:00,REGIONAL,28.35,Turista,Adulto ida
2019-06-17 09:50:00,2019-06-17 17:28:00,REGIONAL,28.35,Turista,Adulto ida
2019-06-17 14:50:00,2019-06-17 22:30:00,REGIONAL,28.35,Turista,Adulto ida
2019-06-16 06:38:00,2019-06-16 13:37:00,REGIONAL,28.35,Turista,Adulto ida
2019-06-16 09:50:00,2019-06-16 16:58:00,REGIONAL,28.35,Turista,Adulto ida
2019-06-16 14:50:00,2019-06-16 22:17:00,REGIONAL,28.35,Turista,Adulto ida
2019-06-15 06:38:00,2019-06-15 13:37:00,REGIONAL,28.35,Turista,Adulto ida
2019-06-15 14:50:00,2019-06-15 22:17:00,REGIONAL,28.35,Turista,Adulto ida
2019-06-14 06:38:00,2019-06-14 14:20:00,REGIONAL,28.35,Turista,Adulto ida
2019-06-14 09:50:00,2019-06-14 16:58:00,REGIONAL,28.35,Turista,Adulto ida
2019-06-14 14:50:00,2019-06-14 22:04:00,REGIONAL,28.35,Turista,Adulto ida
2019-06-13 06:38:00,2019-06-13 14:20:00,REGIONAL,28.35,Turista,Adulto ida
2019-06-13 09:50:00,2019-06-13 17:28:00,REGIONAL,28.35,Turista,Adulto ida
2019-06-13 14:50:00,2019-06-13 22:30:00,REGIONAL,28.35,Turista,Adulto ida
2019-06-12 06:38:00,2019-06-12 14:20:00,REGIONAL,28.35,Turista,Adulto ida
2019-06-12 09:50:00,2019-06-12 17:28:00,REGIONAL,28.35,Turista,Adulto ida
2019-06-12 14:50:00,2019-06-12 22:30:00,REGIONAL,28.35,Turista,Adulto ida
2019-06-11 06:38:00,2019-06-11 14:20:00,REGIONAL,28.35,Turista,Adulto ida
2019-06-11 09:50:00,2019-06-11 17:28:00,REGIONAL,28.35,Turista,Adulto ida
2019-06-11 14:50:00,2019-06-11 22:30:00,REGIONAL,28.35,Turista,Adulto ida
2019-06-10 06:38:00,2019-06-10 14:20:00,REGIONAL,28.35,Turista,Adulto ida
2019-06-10 09:50:00,2019-06-10 17:28:00,REGIONAL,28.35,Turista,Adulto ida
2019-06-10 14:50:00,2019-06-10 22:30:00,REGIONAL,28.35,Turista,Adulto ida
2019-06-09 06:38:00,2019-06-09 13:37:00,REGIONAL,28.35,Turista,Adulto ida
2019-06-09 09:50:00,2019-06-09 16:58:00,REGIONAL,28.35,Turista,Adulto ida
2019-06-09 14:50:00,2019-06-09 22:17:00,REGIONAL,28.35,Turista,Adulto ida
2019-06-08 06:38:00,2019-06-08 13:37:00,REGIONAL,28.35,Turista,Adulto ida
2019-06-08 14:50:00,2019-06-08 22:17:00,REGIONAL,28.35,Turista,Adulto ida
2019-06-07 06:38:00,2019-06-07 14:20:00,REGIONAL,28.35,Turista,Adulto ida
2019-06-07 09:50:00,2019-06-07 16:58:00,REGIONAL,28.35,Turista,Adulto ida
2019-06-07 14:50:00,2019-06-07 22:04:00,REGIONAL,28.35,Turista,Adulto ida
2019-06-06 06:38:00,2019-06-06 14:20:00,REGIONAL,28.35,Turista,Adulto ida
2019-06-06 09:50:00,2019-06-06 17:28:00,REGIONAL,28.35,Turista,Adulto ida
2019-06-06 14:50:00,2019-06-06 22:30:00,REGIONAL,28.35,Turista,Adulto ida
2019-06-05 06:38:00,2019-06-05 14:20:00,REGIONAL,28.35,Turista,Adulto ida
2019-06-05 09:50:00,2019-06-05 17:28:00,REGIONAL,28.35,Turista,Adulto ida
2019-06-05 14:50:00,2019-06-05 22:30:00,REGIONAL,28.35,Turista,Adulto ida
2019-06-04 06:38:00,2019-06-04 14:20:00,REGIONAL,28.35,Turista,Adulto ida
2019-06-04 09:50:00,2019-06-04 17:28:00,REGIONAL,28.35,Turista,Adulto ida
2019-06-04 14:50:00,2019-06-04 22:30:00,REGIONAL,28.35,Turista,Adulto ida
2019-06-03 06:38:00,2019-06-03 14:20:00,REGIONAL,28.35,Turista,Adulto ida
2019-06-03 09:50:00,2019-06-03 17:28:00,REGIONAL,28.35,Turista,Adulto ida
2019-06-03 14:50:00,2019-06-03 22:30:00,REGIONAL,28.35,Turista,Adulto ida
2019-06-02 06:38:00,2019-06-02 13:37:00,REGIONAL,28.35,Turista,Adulto ida
2019-06-02 08:00:00,2019-06-02 09:53:00,AVE,39.45,Turista,Promo
2019-06-02 09:50:00,2019-06-02 16:58:00,REGIONAL,28.35,Turista,Adulto ida
2019-06-02 10:40:00,2019-06-02 12:27:00,AVE,51.15,Turista,Promo
2019-06-02 12:40:00,2019-06-02 14:20:00,AVE,51.15,Turista,Promo
2019-06-02 14:10:00,2019-06-02 15:48:00,AVE,45.3,Turista,Promo
2019-06-02 14:50:00,2019-06-02 22:17:00,REGIONAL,28.35,Turista,Adulto ida
2019-06-02 15:10:00,2019-06-02 17:03:00,AVE,66.55,Preferente,Promo
2019-06-02 16:15:00,2019-06-02 17:55:00,AVE,45.3,Turista,Promo
2019-06-02 17:10:00,2019-06-02 18:50:00,AVE,57.75,Turista,Promo
2019-06-02 17:30:00,2019-06-02 23:58:00,MD-LD,32.4,Turista con enlace,Promo +
2019-06-02 18:10:00,2019-06-02 19:57:00,AVE,57.75,Turista,Promo
2019-06-02 18:35:00,2019-06-02 20:21:00,AVE,57.75,Turista,Promo
2019-06-02 19:15:00,2019-06-02 21:01:00,AVE,57.75,Turista,Promo
2019-06-02 20:15:00,2019-06-02 21:55:00,AVE,51.15,Turista,Promo
2019-06-02 21:05:00,2019-06-02 23:32:00,INTERCITY,43.75,Turista,Promo
2019-06-01 06:38:00,2019-06-01 13:37:00,REGIONAL,28.35,Turista,Adulto ida
2019-06-01 08:00:00,2019-06-01 09:53:00,AVE,36.15,Preferente,Promo
2019-06-01 08:10:00,2019-06-01 12:22:00,INTERCITY,17.15,Turista,Promo
2019-06-01 09:40:00,2019-06-01 11:20:00,AVE,39.45,Turista,Promo
2019-06-01 10:40:00,2019-06-01 12:27:00,AVE,39.45,Turista,Promo
2019-06-01 12:40:00,2019-06-01 14:20:00,AVE,45.3,Turista,Promo
2019-06-01 14:10:00,2019-06-01 15:48:00,AVE,33.65,Turista,Promo
2019-06-01 14:50:00,2019-06-01 22:17:00,REGIONAL,28.35,Turista,Adulto ida
2019-06-01 15:10:00,2019-06-01 17:03:00,AVE,36.15,Preferente,Promo
2019-06-01 17:10:00,2019-06-01 18:50:00,AVE,33.65,Turista,Promo
2019-06-01 19:15:00,2019-06-01 21:01:00,AVE,21.95,Turista,Promo
2019-06-01 20:15:00,2019-06-01 21:55:00,AVE,27.8,Turista,Promo
2019-06-01 21:05:00,2019-06-01 23:32:00,INTERCITY,29.9,Turista,Promo
2019-05-31 06:20:00,2019-05-31 10:36:00,INTERCITY,20.6,Turista Plus,Promo
2019-05-31 06:30:00,2019-05-31 08:22:00,AVE,21.95,Turista,Promo
2019-05-31 06:38:00,2019-05-31 14:20:00,REGIONAL,28.35,Turista,Adulto ida
2019-05-31 07:10:00,2019-05-31 08:51:00,AVE,51.15,Turista,Promo
2019-05-31 08:00:00,2019-05-31 09:47:00,AVE,27.8,Turista,Promo
2019-05-31 09:40:00,2019-05-31 11:20:00,AVE,27.8,Turista,Promo
2019-05-31 09:50:00,2019-05-31 16:58:00,REGIONAL,28.35,Turista,Adulto ida
2019-05-31 10:40:00,2019-05-31 12:32:00,AVE,33.65,Turista,Promo
2019-05-31 12:40:00,2019-05-31 14:20:00,AVE,45.3,Turista,Promo
2019-05-31 14:10:00,2019-05-31 15:48:00,AVE,45.3,Turista,Promo
2019-05-31 14:50:00,2019-05-31 22:04:00,REGIONAL,28.35,Turista,Adulto ida
2019-05-31 15:10:00,2019-05-31 17:03:00,AVE,39.45,Turista,Promo
2019-05-31 16:15:00,2019-05-31 17:55:00,AVE,45.3,Turista,Promo
2019-05-31 17:10:00,2019-05-31 18:50:00,AVE,57.75,Turista,Promo
2019-05-31 17:30:00,2019-05-31 23:58:00,MD-LD,32.4,Turista con enlace,Promo +
2019-05-31 18:10:00,2019-05-31 19:57:00,AVE,45.3,Turista,Promo
2019-05-31 19:40:00,2019-05-31 21:23:00,AVE,39.45,Turista,Promo
2019-05-31 20:15:00,2019-05-31 21:55:00,AVE,33.65,Turista,Promo
2019-05-31 21:05:00,2019-05-31 23:32:00,INTERCITY,29.9,Turista,Promo
2019-05-30 06:20:00,2019-05-30 10:36:00,INTERCITY,25.75,Turista,Promo
2019-05-30 06:30:00,2019-05-30 08:22:00,AVE,27.8,Turista,Promo
2019-05-30 06:38:00,2019-05-30 14:20:00,REGIONAL,28.35,Turista,Adulto ida
2019-05-30 07:10:00,2019-05-30 08:51:00,AVE,57.75,Turista,Promo
2019-05-30 07:40:00,2019-05-30 09:20:00,AVE,45.3,Turista,Promo
2019-05-30 08:00:00,2019-05-30 09:47:00,AVE,21.95,Turista,Promo
2019-05-30 08:40:00,2019-05-30 10:20:00,AVE,21.95,Turista,Promo
2019-05-30 09:00:00,2019-05-30 11:33:00,ALVIA,35.5,Turista,Promo
2019-05-30 09:40:00,2019-05-30 11:20:00,AVE,21.95,Turista,Promo
2019-05-30 09:50:00,2019-05-30 17:28:00,REGIONAL,28.35,Turista,Adulto ida
2019-05-30 10:40:00,2019-05-30 12:32:00,AVE,21.95,Turista,Promo
2019-05-30 12:40:00,2019-05-30 14:20:00,AVE,33.65,Turista,Promo
2019-05-30 14:10:00,2019-05-30 15:48:00,AVE,45.3,Turista,Promo
2019-05-30 14:50:00,2019-05-30 22:30:00,REGIONAL,28.35,Turista,Adulto ida
2019-05-30 15:10:00,2019-05-30 17:03:00,AVE,39.45,Turista,Promo
2019-05-30 16:15:00,2019-05-30 17:55:00,AVE,57.75,Turista,Promo
2019-05-30 17:10:00,2019-05-30 18:50:00,AVE,57.75,Turista,Promo
2019-05-30 17:30:00,2019-05-30 23:58:00,MD-LD,32.4,Turista con enlace,Promo +
2019-05-30 18:10:00,2019-05-30 19:57:00,AVE,57.75,Turista,Promo
2019-05-30 19:10:00,2019-05-30 20:50:00,AVE,33.65,Turista,Promo
2019-05-30 20:15:00,2019-05-30 21:55:00,AVE,21.95,Turista,Promo
2019-05-30 21:05:00,2019-05-30 23:32:00,INTERCITY,16.6,Turista,Promo
2019-05-29 06:20:00,2019-05-29 10:36:00,INTERCITY,17.15,Turista,Promo
2019-05-29 06:30:00,2019-05-29 08:22:00,AVE,21.95,Turista,Promo
2019-05-29 06:38:00,2019-05-29 14:20:00,REGIONAL,28.35,Turista,Adulto ida
2019-05-29 07:10:00,2019-05-29 08:51:00,AVE,57.75,Turista,Promo
2019-05-29 07:40:00,2019-05-29 09:20:00,AVE,57.75,Turista,Promo
2019-05-29 08:00:00,2019-05-29 09:47:00,AVE,27.8,Turista,Promo
2019-05-29 08:40:00,2019-05-29 10:20:00,AVE,33.65,Turista,Promo
2019-05-29 09:00:00,2019-05-29 11:33:00,ALVIA,35.5,Turista,Promo
2019-05-29 09:40:00,2019-05-29 11:20:00,AVE,21.95,Turista,Promo
2019-05-29 09:50:00,2019-05-29 17:28:00,REGIONAL,28.35,Turista,Adulto ida
2019-05-29 10:40:00,2019-05-29 12:32:00,AVE,21.95,Turista,Promo
2019-05-29 12:40:00,2019-05-29 14:20:00,AVE,33.65,Turista,Promo
2019-05-29 14:10:00,2019-05-29 15:48:00,AVE,33.65,Turista,Promo
2019-05-29 14:50:00,2019-05-29 22:30:00,REGIONAL,28.35,Turista,Adulto ida
2019-05-29 15:10:00,2019-05-29 17:03:00,AVE,39.45,Turista,Promo
2019-05-29 16:15:00,2019-05-29 17:55:00,AVE,39.45,Turista,Promo
2019-05-29 17:10:00,2019-05-29 18:50:00,AVE,45.3,Turista,Promo
2019-05-29 17:30:00,2019-05-29 23:58:00,MD-LD,32.4,Turista con enlace,Promo +
2019-05-29 18:10:00,2019-05-29 19:57:00,AVE,57.75,Turista,Promo
2019-05-29 19:10:00,2019-05-29 20:50:00,AVE,21.95,Turista,Promo
2019-05-29 20:15:00,2019-05-29 21:55:00,AVE,21.95,Turista,Promo
2019-05-29 21:05:00,2019-05-29 23:32:00,INTERCITY,16.6,Turista,Promo
2019-04-23 06:20:00,2019-04-23 10:36:00,INTERCITY,36.05,Turista Plus,Promo
2019-04-23 06:30:00,2019-04-23 08:22:00,AVE,66.55,Preferente,Promo
2019-04-23 06:38:00,2019-04-23 14:20:00,REGIONAL,28.35,Turista,Adulto ida
2019-04-23 07:10:00,2019-04-23 08:51:00,AVE,86.25,Preferente,Promo
2019-04-23 07:40:00,2019-04-23 09:20:00,AVE,73.1,Turista,Flexible
2019-04-23 08:00:00,2019-04-23 09:47:00,AVE,76.4,Preferente,Promo
2019-04-23 08:40:00,2019-04-23 10:20:00,AVE,,Turista,Flexible
2019-04-23 09:00:00,2019-04-23 11:33:00,ALVIA,71.0,Turista,Flexible
2019-04-23 09:40:00,2019-04-23 11:20:00,AVE,73.1,Turista,Flexible
2019-04-23 09:50:00,2019-04-23 17:28:00,REGIONAL,28.35,Turista,Adulto ida
2019-04-23 10:40:00,2019-04-23 12:32:00,AVE,73.1,Turista,Flexible
2019-04-23 12:40:00,2019-04-23 14:20:00,AVE,66.55,Preferente,Promo
2019-04-23 14:10:00,2019-04-23 15:48:00,AVE,51.15,Turista,Promo
2019-04-23 14:50:00,2019-04-23 22:30:00,REGIONAL,28.35,Turista,Adulto ida
2019-04-23 15:10:00,2019-04-23 17:03:00,AVE,66.55,Preferente,Promo
2019-04-23 16:15:00,2019-04-23 17:55:00,AVE,57.75,Turista,Promo
2019-04-23 17:10:00,2019-04-23 18:50:00,AVE,57.75,Turista,Promo
2019-04-23 17:30:00,2019-04-23 23:58:00,MD-LD,32.4,Turista con enlace,Promo +
2019-04-23 18:10:00,2019-04-23 19:57:00,AVE,57.75,Turista,Promo
2019-04-23 19:10:00,2019-04-23 20:50:00,AVE,51.15,Turista,Promo
2019-04-23 20:15:00,2019-04-23 21:55:00,AVE,66.55,Preferente,Promo
2019-04-23 21:05:00,2019-04-23 23:32:00,INTERCITY,43.75,Turista,Promo
2019-05-28 06:20:00,2019-05-28 10:36:00,INTERCITY,17.15,Turista,Promo
2019-05-28 06:30:00,2019-05-28 08:22:00,AVE,21.95,Turista,Promo
2019-05-28 06:38:00,2019-05-28 14:20:00,REGIONAL,28.35,Turista,Adulto ida
2019-05-28 07:10:00,2019-05-28 08:51:00,AVE,57.75,Turista,Promo
2019-05-28 07:40:00,2019-05-28 09:20:00,AVE,57.75,Turista,Promo
2019-05-28 08:00:00,2019-05-28 09:47:00,AVE,33.65,Turista,Promo
2019-05-28 08:40:00,2019-05-28 10:20:00,AVE,21.95,Turista,Promo
2019-05-28 09:00:00,2019-05-28 11:33:00,ALVIA,35.5,Turista,Promo
2019-05-28 09:40:00,2019-05-28 11:20:00,AVE,21.95,Turista,Promo
2019-05-28 09:50:00,2019-05-28 17:28:00,REGIONAL,28.35,Turista,Adulto ida
2019-05-28 10:40:00,2019-05-28 12:32:00,AVE,21.95,Turista,Promo
2019-05-28 12:40:00,2019-05-28 14:20:00,AVE,33.65,Turista,Promo
2019-05-28 14:10:00,2019-05-28 15:48:00,AVE,33.65,Turista,Promo
2019-05-28 14:50:00,2019-05-28 22:30:00,REGIONAL,28.35,Turista,Adulto ida
2019-05-28 15:10:00,2019-05-28 17:03:00,AVE,39.45,Turista,Promo
2019-05-28 16:15:00,2019-05-28 17:55:00,AVE,33.65,Turista,Promo
2019-05-28 17:10:00,2019-05-28 18:50:00,AVE,27.8,Turista,Promo
2019-05-28 17:30:00,2019-05-28 23:58:00,MD-LD,32.4,Turista con enlace,Promo +
2019-05-28 18:10:00,2019-05-28 19:57:00,AVE,33.65,Turista,Promo
2019-05-28 19:10:00,2019-05-28 20:50:00,AVE,21.95,Turista,Promo
2019-05-28 20:15:00,2019-05-28 21:55:00,AVE,21.95,Turista,Promo
2019-05-28 21:05:00,2019-05-28 23:32:00,INTERCITY,29.9,Turista,Promo
2019-05-27 06:20:00,2019-05-27 10:36:00,INTERCITY,25.75,Turista,Promo
2019-05-27 06:30:00,2019-05-27 08:22:00,AVE,33.65,Turista,Promo
2019-05-27 06:38:00,2019-05-27 14:20:00,REGIONAL,28.35,Turista,Adulto ida
2019-05-27 07:10:00,2019-05-27 08:51:00,AVE,57.75,Turista,Promo
2019-05-27 07:40:00,2019-05-27 09:20:00,AVE,51.15,Turista,Promo
2019-05-27 08:00:00,2019-05-27 09:47:00,AVE,33.65,Turista,Promo
2019-05-27 08:40:00,2019-05-27 10:20:00,AVE,27.8,Turista,Promo
2019-05-27 09:00:00,2019-05-27 11:33:00,ALVIA,35.5,Turista,Promo
2019-05-27 09:40:00,2019-05-27 11:20:00,AVE,21.95,Turista,Promo
2019-05-27 09:50:00,2019-05-27 17:28:00,REGIONAL,28.35,Turista,Adulto ida
2019-05-27 10:40:00,2019-05-27 12:32:00,AVE,27.8,Turista,Promo
2019-05-27 12:40:00,2019-05-27 14:20:00,AVE,45.3,Turista,Promo
2019-05-27 14:10:00,2019-05-27 15:48:00,AVE,33.65,Turista,Promo
2019-05-27 14:50:00,2019-05-27 22:30:00,REGIONAL,28.35,Turista,Adulto ida
2019-05-27 15:10:00,2019-05-27 17:03:00,AVE,21.95,Turista,Promo
2019-05-27 16:15:00,2019-05-27 17:55:00,AVE,27.8,Turista,Promo
2019-05-27 17:10:00,2019-05-27 18:50:00,AVE,21.95,Turista,Promo
2019-05-27 17:30:00,2019-05-27 23:58:00,MD-LD,32.4,Turista con enlace,Promo +
2019-05-27 18:10:00,2019-05-27 19:57:00,AVE,21.95,Turista,Promo
2019-05-27 19:10:00,2019-05-27 20:50:00,AVE,21.95,Turista,Promo
2019-05-27 20:15:00,2019-05-27 21:55:00,AVE,33.65,Turista,Promo
2019-05-27 21:05:00,2019-05-27 23:32:00,INTERCITY,16.6,Turista,Promo
2019-05-26 06:38:00,2019-05-26 13:37:00,REGIONAL,28.35,Turista,Adulto ida
2019-05-26 08:00:00,2019-05-26 09:53:00,AVE,39.45,Turista,Promo
2019-05-26 09:50:00,2019-05-26 16:58:00,REGIONAL,28.35,Turista,Adulto ida
2019-05-26 10:40:00,2019-05-26 12:27:00,AVE,33.65,Turista,Promo
2019-05-26 12:40:00,2019-05-26 14:20:00,AVE,51.15,Turista,Promo
2019-05-26 14:10:00,2019-05-26 15:48:00,AVE,45.3,Turista,Promo
2019-05-26 14:50:00,2019-05-26 22:17:00,REGIONAL,28.35,Turista,Adulto ida
2019-05-26 15:10:00,2019-05-26 17:03:00,AVE,45.3,Turista,Promo
2019-05-26 16:15:00,2019-05-26 17:55:00,AVE,45.3,Turista,Promo
2019-05-26 17:10:00,2019-05-26 18:50:00,AVE,57.75,Turista,Promo
2019-05-26 17:30:00,2019-05-26 23:58:00,MD-LD,32.4,Turista con enlace,Promo +
2019-05-26 18:10:00,2019-05-26 19:57:00,AVE,57.75,Turista,Promo
2019-05-26 18:35:00,2019-05-26 20:21:00,AVE,57.75,Turista,Promo
2019-05-26 19:15:00,2019-05-26 21:01:00,AVE,57.75,Turista,Promo
2019-05-26 20:15:00,2019-05-26 21:55:00,AVE,51.15,Turista,Promo
2019-05-26 21:05:00,2019-05-26 23:32:00,INTERCITY,34.35,Turista,Promo
2019-05-25 06:38:00,2019-05-25 13:37:00,REGIONAL,28.35,Turista,Adulto ida
2019-05-25 08:00:00,2019-05-25 09:53:00,AVE,51.15,Turista,Promo
2019-05-25 08:10:00,2019-05-25 12:22:00,INTERCITY,30.9,Turista Plus,Promo
2019-05-25 09:00:00,2019-05-25 11:33:00,ALVIA,35.5,Turista,Promo
2019-05-25 09:40:00,2019-05-25 11:20:00,AVE,39.45,Turista,Promo
2019-05-25 10:40:00,2019-05-25 12:27:00,AVE,33.65,Turista,Promo
2019-05-25 12:40:00,2019-05-25 14:20:00,AVE,45.3,Turista,Promo
2019-05-25 14:10:00,2019-05-25 15:48:00,AVE,27.8,Turista,Promo
2019-05-25 14:50:00,2019-05-25 22:17:00,REGIONAL,28.35,Turista,Adulto ida
2019-05-25 15:10:00,2019-05-25 17:03:00,AVE,36.15,Preferente,Promo
2019-05-25 17:10:00,2019-05-25 18:50:00,AVE,21.95,Turista,Promo
2019-05-25 19:15:00,2019-05-25 21:01:00,AVE,21.95,Turista,Promo
2019-05-25 20:15:00,2019-05-25 21:55:00,AVE,27.8,Turista,Promo
2019-05-25 21:05:00,2019-05-25 23:32:00,INTERCITY,29.9,Turista,Promo
2019-05-24 06:20:00,2019-05-24 10:36:00,INTERCITY,17.15,Turista,Promo
2019-05-24 06:30:00,2019-05-24 08:22:00,AVE,27.8,Turista,Promo
2019-05-24 06:38:00,2019-05-24 14:20:00,REGIONAL,28.35,Turista,Adulto ida
2019-05-24 07:10:00,2019-05-24 08:51:00,AVE,51.15,Turista,Promo
2019-05-24 08:00:00,2019-05-24 09:47:00,AVE,33.65,Turista,Promo
2019-05-24 09:00:00,2019-05-24 11:33:00,ALVIA,35.5,Turista,Promo
2019-05-24 09:40:00,2019-05-24 11:20:00,AVE,33.65,Turista,Promo
2019-05-24 09:50:00,2019-05-24 16:58:00,REGIONAL,28.35,Turista,Adulto ida
2019-05-24 10:40:00,2019-05-24 12:32:00,AVE,33.65,Turista,Promo
2019-05-24 12:40:00,2019-05-24 14:20:00,AVE,51.15,Turista,Promo
2019-05-24 14:10:00,2019-05-24 15:48:00,AVE,51.15,Turista,Promo
2019-05-24 14:50:00,2019-05-24 22:04:00,REGIONAL,28.35,Turista,Adulto ida
2019-05-24 15:10:00,2019-05-24 17:03:00,AVE,45.3,Turista,Promo
2019-05-24 16:15:00,2019-05-24 17:55:00,AVE,45.3,Turista,Promo
2019-05-24 17:10:00,2019-05-24 18:50:00,AVE,57.75,Turista,Promo
2019-05-24 17:30:00,2019-05-24 23:58:00,MD-LD,32.4,Turista con enlace,Promo +
2019-05-24 18:10:00,2019-05-24 19:57:00,AVE,51.15,Turista,Promo
2019-05-24 19:40:00,2019-05-24 21:23:00,AVE,45.3,Turista,Promo
2019-05-24 20:15:00,2019-05-24 21:55:00,AVE,45.3,Turista,Promo
2019-05-24 21:05:00,2019-05-24 23:32:00,INTERCITY,29.9,Turista,Promo
2019-05-23 06:20:00,2019-05-23 10:36:00,INTERCITY,17.15,Turista,Promo
2019-05-23 06:30:00,2019-05-23 08:22:00,AVE,21.95,Turista,Promo
2019-05-23 06:38:00,2019-05-23 14:20:00,REGIONAL,28.35,Turista,Adulto ida
2019-05-23 07:10:00,2019-05-23 08:51:00,AVE,73.1,Turista,Flexible
2019-05-23 07:40:00,2019-05-23 09:20:00,AVE,45.3,Turista,Promo
2019-05-23 08:00:00,2019-05-23 09:47:00,AVE,21.95,Turista,Promo
2019-05-23 08:40:00,2019-05-23 10:20:00,AVE,27.8,Turista,Promo
2019-05-23 09:00:00,2019-05-23 11:33:00,ALVIA,46.15,Preferente,Promo
2019-05-23 09:40:00,2019-05-23 11:20:00,AVE,27.8,Turista,Promo
2019-05-23 09:50:00,2019-05-23 17:28:00,REGIONAL,28.35,Turista,Adulto ida
2019-05-23 10:40:00,2019-05-23 12:32:00,AVE,39.45,Turista,Promo
2019-05-23 12:40:00,2019-05-23 14:20:00,AVE,45.3,Turista,Promo
2019-05-23 14:10:00,2019-05-23 15:48:00,AVE,39.45,Turista,Promo
2019-05-23 14:50:00,2019-05-23 22:30:00,REGIONAL,28.35,Turista,Adulto ida
2019-05-23 15:10:00,2019-05-23 17:03:00,AVE,39.45,Turista,Promo
2019-05-23 16:15:00,2019-05-23 17:55:00,AVE,57.75,Turista,Promo
2019-05-23 17:10:00,2019-05-23 18:50:00,AVE,57.75,Turista,Promo
2019-05-23 17:30:00,2019-05-23 23:58:00,MD-LD,32.4,Turista con enlace,Promo +
2019-05-23 18:10:00,2019-05-23 19:57:00,AVE,57.75,Turista,Promo
2019-05-23 19:10:00,2019-05-23 20:50:00,AVE,33.65,Turista,Promo
2019-05-23 20:15:00,2019-05-23 21:55:00,AVE,39.45,Turista,Promo
2019-05-23 21:05:00,2019-05-23 23:32:00,INTERCITY,29.9,Turista,Promo
2019-05-21 06:20:00,2019-05-21 10:36:00,INTERCITY,17.15,Turista,Promo
2019-05-21 06:30:00,2019-05-21 08:22:00,AVE,21.95,Turista,Promo
2019-05-21 06:38:00,2019-05-21 14:20:00,REGIONAL,28.35,Turista,Adulto ida
2019-05-21 07:10:00,2019-05-21 08:51:00,AVE,73.1,Turista,Flexible
2019-05-21 07:40:00,2019-05-21 09:20:00,AVE,57.75,Turista,Promo
2019-05-21 08:00:00,2019-05-21 09:47:00,AVE,33.65,Turista,Promo
2019-05-21 08:40:00,2019-05-21 10:20:00,AVE,21.95,Turista,Promo
2019-05-21 09:00:00,2019-05-21 11:33:00,ALVIA,35.5,Turista,Promo
2019-05-21 09:40:00,2019-05-21 11:20:00,AVE,21.95,Turista,Promo
2019-05-21 09:50:00,2019-05-21 17:28:00,REGIONAL,28.35,Turista,Adulto ida
2019-05-21 10:40:00,2019-05-21 12:32:00,AVE,21.95,Turista,Promo
2019-05-21 12:40:00,2019-05-21 14:20:00,AVE,33.65,Turista,Promo
2019-05-21 14:10:00,2019-05-21 15:48:00,AVE,33.65,Turista,Promo
2019-05-21 14:50:00,2019-05-21 22:30:00,REGIONAL,28.35,Turista,Adulto ida
2019-05-21 15:10:00,2019-05-21 17:03:00,AVE,39.45,Turista,Promo
2019-05-21 16:15:00,2019-05-21 17:55:00,AVE,33.65,Turista,Promo
2019-05-21 17:10:00,2019-05-21 18:50:00,AVE,27.8,Turista,Promo
2019-05-21 17:30:00,2019-05-21 23:58:00,MD-LD,32.4,Turista con enlace,Promo +
2019-05-21 18:10:00,2019-05-21 19:57:00,AVE,33.65,Turista,Promo
2019-05-21 19:10:00,2019-05-21 20:50:00,AVE,21.95,Turista,Promo
2019-05-21 20:15:00,2019-05-21 21:55:00,AVE,21.95,Turista,Promo
2019-05-21 21:05:00,2019-05-21 23:32:00,INTERCITY,29.9,Turista,Promo
2019-05-20 06:20:00,2019-05-20 10:36:00,INTERCITY,25.75,Turista Plus,Promo
2019-05-20 06:30:00,2019-05-20 08:22:00,AVE,39.45,Turista,Promo
2019-05-20 06:38:00,2019-05-20 14:20:00,REGIONAL,28.35,Turista,Adulto ida
2019-05-20 07:10:00,2019-05-20 08:51:00,AVE,57.75,Turista,Promo
2019-05-20 07:40:00,2019-05-20 09:20:00,AVE,51.15,Turista,Promo
2019-05-20 08:00:00,2019-05-20 09:47:00,AVE,33.65,Turista,Promo
2019-05-20 08:40:00,2019-05-20 10:20:00,AVE,33.65,Turista,Promo
2019-05-20 09:00:00,2019-05-20 11:33:00,ALVIA,35.5,Turista,Promo
2019-05-20 09:40:00,2019-05-20 11:20:00,AVE,33.65,Turista,Promo
2019-05-20 09:50:00,2019-05-20 17:28:00,REGIONAL,28.35,Turista,Adulto ida
2019-05-20 10:40:00,2019-05-20 12:32:00,AVE,33.65,Turista,Promo
2019-05-20 12:40:00,2019-05-20 14:20:00,AVE,45.3,Turista,Promo
2019-05-20 14:10:00,2019-05-20 15:48:00,AVE,33.65,Turista,Promo
2019-05-20 14:50:00,2019-05-20 22:30:00,REGIONAL,28.35,Turista,Adulto ida
2019-05-20 15:10:00,2019-05-20 17:03:00,AVE,39.45,Turista,Promo
2019-05-20 16:15:00,2019-05-20 17:55:00,AVE,33.65,Turista,Promo
2019-05-20 17:10:00,2019-05-20 18:50:00,AVE,21.95,Turista,Promo
2019-05-20 17:30:00,2019-05-20 23:58:00,MD-LD,32.4,Turista con enlace,Promo +
2019-05-20 18:10:00,2019-05-20 19:57:00,AVE,21.95,Turista,Promo
2019-05-20 19:10:00,2019-05-20 20:50:00,AVE,21.95,Turista,Promo
2019-05-20 20:15:00,2019-05-20 21:55:00,AVE,33.65,Turista,Promo
2019-05-20 21:05:00,2019-05-20 23:32:00,INTERCITY,29.9,Turista,Promo
2019-05-19 06:38:00,2019-05-19 13:37:00,REGIONAL,28.35,Turista,Adulto ida
2019-05-19 08:00:00,2019-05-19 09:53:00,AVE,39.45,Turista,Promo
2019-05-19 09:50:00,2019-05-19 16:58:00,REGIONAL,28.35,Turista,Adulto ida
2019-05-19 10:40:00,2019-05-19 12:27:00,AVE,33.65,Turista,Promo
2019-05-19 12:40:00,2019-05-19 14:20:00,AVE,51.15,Turista,Promo
2019-05-19 14:10:00,2019-05-19 15:48:00,AVE,45.3,Turista,Promo
2019-05-19 14:50:00,2019-05-19 22:17:00,REGIONAL,28.35,Turista,Adulto ida
2019-05-19 15:10:00,2019-05-19 17:03:00,AVE,51.15,Turista,Promo
2019-05-19 16:15:00,2019-05-19 17:55:00,AVE,45.3,Turista,Promo
2019-05-19 17:10:00,2019-05-19 18:50:00,AVE,56.65,Preferente,Promo
2019-05-19 17:30:00,2019-05-19 23:58:00,MD-LD,32.4,Turista con enlace,Promo +
2019-05-19 18:10:00,2019-05-19 19:57:00,AVE,66.55,Preferente,Promo
2019-05-19 18:35:00,2019-05-19 20:21:00,AVE,57.75,Turista,Promo
2019-05-19 19:15:00,2019-05-19 21:01:00,AVE,57.75,Turista,Promo
2019-05-19 20:15:00,2019-05-19 21:55:00,AVE,51.15,Turista,Promo
2019-05-19 21:05:00,2019-05-19 23:32:00,INTERCITY,55.4,Turista,Flexible
2019-04-22 06:30:00,2019-04-22 08:22:00,AVE,123.2,Preferente,Flexible
2019-04-22 06:38:00,2019-04-22 14:20:00,REGIONAL,28.35,Turista,Adulto ida
2019-04-22 07:10:00,2019-04-22 08:51:00,AVE,73.1,Turista,Flexible
2019-04-22 07:40:00,2019-04-22 09:20:00,AVE,73.1,Turista,Flexible
2019-04-22 09:00:00,2019-04-22 11:33:00,ALVIA,92.3,Preferente,Flexible
2019-04-22 09:40:00,2019-04-22 11:20:00,AVE,73.1,Turista,Flexible
2019-04-22 09:50:00,2019-04-22 17:28:00,REGIONAL,28.35,Turista,Adulto ida
2019-04-22 10:40:00,2019-04-22 12:32:00,AVE,73.1,Turista,Flexible
2019-04-22 12:40:00,2019-04-22 14:20:00,AVE,61.4,Turista Plus,Promo
2019-04-22 14:10:00,2019-04-22 15:48:00,AVE,73.1,Turista,Flexible
2019-04-22 14:50:00,2019-04-22 22:30:00,REGIONAL,28.35,Turista,Adulto ida
2019-04-22 15:10:00,2019-04-22 17:03:00,AVE,86.25,Preferente,Promo
2019-04-22 16:15:00,2019-04-22 17:55:00,AVE,66.55,Preferente,Promo
2019-04-22 17:10:00,2019-04-22 18:50:00,AVE,73.1,Turista,Flexible
2019-04-22 17:30:00,2019-04-22 23:58:00,MD-LD,,Preferente,Promo
2019-04-22 18:10:00,2019-04-22 19:57:00,AVE,97.35,Preferente,Promo
2019-04-22 19:10:00,2019-04-22 20:50:00,AVE,73.1,Turista,Flexible
2019-04-22 20:15:00,2019-04-22 21:55:00,AVE,73.1,Turista,Flexible
2019-04-22 21:05:00,2019-04-22 23:32:00,INTERCITY,55.4,Turista,Flexible
2019-05-18 06:38:00,2019-05-18 13:37:00,REGIONAL,28.35,Turista,Adulto ida
2019-05-18 08:00:00,2019-05-18 09:53:00,AVE,45.3,Turista,Promo
2019-05-18 08:10:00,2019-05-18 12:22:00,INTERCITY,25.75,Turista Plus,Promo
2019-05-18 09:00:00,2019-05-18 11:33:00,ALVIA,35.5,Turista,Promo
2019-05-18 09:40:00,2019-05-18 11:20:00,AVE,45.3,Turista,Promo
2019-05-18 10:40:00,2019-05-18 12:27:00,AVE,39.45,Turista,Promo
2019-05-18 12:40:00,2019-05-18 14:20:00,AVE,45.3,Turista,Promo
2019-05-18 14:10:00,2019-05-18 15:48:00,AVE,33.65,Turista,Promo
2019-05-18 14:50:00,2019-05-18 22:17:00,REGIONAL,28.35,Turista,Adulto ida
2019-05-18 15:10:00,2019-05-18 17:03:00,AVE,36.15,Preferente,Promo
2019-05-18 17:10:00,2019-05-18 18:50:00,AVE,33.65,Turista,Promo
2019-05-18 19:15:00,2019-05-18 21:01:00,AVE,21.95,Turista,Promo
2019-05-18 20:15:00,2019-05-18 21:55:00,AVE,27.8,Turista,Promo
2019-05-18 21:05:00,2019-05-18 23:32:00,INTERCITY,29.9,Turista,Promo
2019-05-17 06:20:00,2019-05-17 10:36:00,INTERCITY,20.6,Turista Plus,Promo
2019-05-17 06:30:00,2019-05-17 08:22:00,AVE,21.95,Turista,Promo
2019-05-17 06:38:00,2019-05-17 14:20:00,REGIONAL,28.35,Turista,Adulto ida
2019-05-17 07:10:00,2019-05-17 08:51:00,AVE,51.15,Turista,Promo
2019-05-17 08:00:00,2019-05-17 09:47:00,AVE,39.45,Turista,Promo
2019-05-17 09:00:00,2019-05-17 11:33:00,ALVIA,46.15,Preferente,Promo
2019-05-17 09:40:00,2019-05-17 11:20:00,AVE,39.45,Turista,Promo
2019-05-17 09:50:00,2019-05-17 16:58:00,REGIONAL,28.35,Turista,Adulto ida
2019-05-17 10:40:00,2019-05-17 12:32:00,AVE,39.45,Turista,Promo
2019-05-17 12:40:00,2019-05-17 14:20:00,AVE,45.3,Turista,Promo
2019-05-17 14:10:00,2019-05-17 15:48:00,AVE,51.15,Turista,Promo
2019-05-17 14:50:00,2019-05-17 22:04:00,REGIONAL,28.35,Turista,Adulto ida
2019-05-17 15:10:00,2019-05-17 17:03:00,AVE,46.8,Preferente,Promo
2019-05-17 16:15:00,2019-05-17 17:55:00,AVE,45.3,Turista,Promo
2019-05-17 17:10:00,2019-05-17 18:50:00,AVE,57.75,Turista,Promo
2019-05-17 17:30:00,2019-05-17 23:58:00,MD-LD,32.4,Turista con enlace,Promo +
2019-05-17 18:10:00,2019-05-17 19:57:00,AVE,51.15,Turista,Promo
2019-05-17 19:40:00,2019-05-17 21:23:00,AVE,45.3,Turista,Promo
2019-05-17 20:15:00,2019-05-17 21:55:00,AVE,33.65,Turista,Promo
2019-05-17 21:05:00,2019-05-17 23:32:00,INTERCITY,29.9,Turista,Promo
2019-05-16 06:20:00,2019-05-16 10:36:00,INTERCITY,17.15,Turista,Promo
2019-05-16 06:30:00,2019-05-16 08:22:00,AVE,27.8,Turista,Promo
2019-05-16 06:38:00,2019-05-16 14:20:00,REGIONAL,28.35,Turista,Adulto ida
2019-05-16 07:10:00,2019-05-16 08:51:00,AVE,57.75,Turista,Promo
2019-05-16 07:40:00,2019-05-16 09:20:00,AVE,45.3,Turista,Promo
2019-05-16 08:00:00,2019-05-16 09:47:00,AVE,27.8,Turista,Promo
2019-05-16 08:40:00,2019-05-16 10:20:00,AVE,27.8,Turista,Promo
2019-05-16 09:00:00,2019-05-16 11:33:00,ALVIA,35.5,Turista,Promo
2019-05-16 09:40:00,2019-05-16 11:20:00,AVE,27.8,Turista,Promo
2019-05-16 09:50:00,2019-05-16 17:28:00,REGIONAL,28.35,Turista,Adulto ida
2019-05-16 10:40:00,2019-05-16 12:32:00,AVE,33.65,Turista,Promo
2019-05-16 12:40:00,2019-05-16 14:20:00,AVE,45.3,Turista,Promo
2019-05-16 14:10:00,2019-05-16 15:48:00,AVE,45.3,Turista,Promo
2019-05-16 14:50:00,2019-05-16 22:30:00,REGIONAL,28.35,Turista,Adulto ida
2019-05-16 15:10:00,2019-05-16 17:03:00,AVE,39.45,Turista,Promo
2019-05-16 16:15:00,2019-05-16 17:55:00,AVE,57.75,Turista,Promo
2019-05-16 17:10:00,2019-05-16 18:50:00,AVE,57.75,Turista,Promo
2019-05-16 17:30:00,2019-05-16 23:58:00,MD-LD,32.4,Turista con enlace,Promo +
2019-05-16 18:10:00,2019-05-16 19:57:00,AVE,57.75,Turista,Promo
2019-05-16 19:10:00,2019-05-16 20:50:00,AVE,33.65,Turista,Promo
2019-05-16 20:15:00,2019-05-16 21:55:00,AVE,39.45,Turista,Promo
2019-05-16 21:05:00,2019-05-16 23:32:00,INTERCITY,29.9,Turista,Promo
2019-05-14 06:20:00,2019-05-14 10:36:00,INTERCITY,17.15,Turista,Promo
2019-05-14 06:30:00,2019-05-14 08:22:00,AVE,21.95,Turista,Promo
2019-05-14 06:38:00,2019-05-14 14:20:00,REGIONAL,28.35,Turista,Adulto ida
2019-05-14 07:10:00,2019-05-14 08:51:00,AVE,73.1,Turista,Flexible
2019-05-14 07:40:00,2019-05-14 09:20:00,AVE,57.75,Turista,Promo
2019-05-14 08:00:00,2019-05-14 09:47:00,AVE,33.65,Turista,Promo
2019-05-14 08:40:00,2019-05-14 10:20:00,AVE,21.95,Turista,Promo
2019-05-14 09:00:00,2019-05-14 11:33:00,ALVIA,35.5,Turista,Promo
2019-05-14 09:40:00,2019-05-14 11:20:00,AVE,21.95,Turista,Promo
2019-05-14 09:50:00,2019-05-14 17:28:00,REGIONAL,28.35,Turista,Adulto ida
2019-05-14 10:40:00,2019-05-14 12:32:00,AVE,27.8,Turista,Promo
2019-05-14 12:40:00,2019-05-14 14:20:00,AVE,33.65,Turista,Promo
2019-05-14 14:10:00,2019-05-14 15:48:00,AVE,33.65,Turista,Promo
2019-05-14 14:50:00,2019-05-14 22:30:00,REGIONAL,28.35,Turista,Adulto ida
2019-05-14 15:10:00,2019-05-14 17:03:00,AVE,39.45,Turista,Promo
2019-05-14 16:15:00,2019-05-14 17:55:00,AVE,33.65,Turista,Promo
2019-05-14 17:10:00,2019-05-14 18:50:00,AVE,33.65,Turista,Promo
2019-05-14 17:30:00,2019-05-14 23:58:00,MD-LD,32.4,Turista con enlace,Promo +
2019-05-14 18:10:00,2019-05-14 19:57:00,AVE,33.65,Turista,Promo
2019-05-14 19:10:00,2019-05-14 20:50:00,AVE,21.95,Turista,Promo
2019-05-14 20:15:00,2019-05-14 21:55:00,AVE,27.8,Turista,Promo
2019-05-14 21:05:00,2019-05-14 23:32:00,INTERCITY,29.9,Turista,Promo
2019-05-13 06:20:00,2019-05-13 10:36:00,INTERCITY,20.6,Turista Plus,Promo
2019-05-13 06:30:00,2019-05-13 08:22:00,AVE,39.45,Turista,Promo
2019-05-13 06:38:00,2019-05-13 14:20:00,REGIONAL,28.35,Turista,Adulto ida
2019-05-13 07:10:00,2019-05-13 08:51:00,AVE,57.75,Turista,Promo
2019-05-13 07:40:00,2019-05-13 09:20:00,AVE,51.15,Turista,Promo
2019-05-13 08:00:00,2019-05-13 09:47:00,AVE,33.65,Turista,Promo
2019-05-13 08:40:00,2019-05-13 10:20:00,AVE,33.65,Turista,Promo
2019-05-13 09:00:00,2019-05-13 11:33:00,ALVIA,35.5,Turista,Promo
2019-05-13 09:40:00,2019-05-13 11:20:00,AVE,39.45,Turista,Promo
2019-05-13 09:50:00,2019-05-13 17:28:00,REGIONAL,28.35,Turista,Adulto ida
2019-05-13 10:40:00,2019-05-13 12:32:00,AVE,39.45,Turista,Promo
2019-05-13 12:40:00,2019-05-13 14:20:00,AVE,45.3,Turista,Promo
2019-05-13 14:10:00,2019-05-13 15:48:00,AVE,33.65,Turista,Promo
2019-05-13 14:50:00,2019-05-13 22:30:00,REGIONAL,28.35,Turista,Adulto ida
2019-05-13 15:10:00,2019-05-13 17:03:00,AVE,39.45,Turista,Promo
2019-05-13 16:15:00,2019-05-13 17:55:00,AVE,39.45,Turista,Promo
2019-05-13 17:10:00,2019-05-13 18:50:00,AVE,33.65,Turista,Promo
2019-05-13 17:30:00,2019-05-13 23:58:00,MD-LD,32.4,Turista con enlace,Promo +
2019-05-13 18:10:00,2019-05-13 19:57:00,AVE,27.8,Turista,Promo
2019-05-13 19:10:00,2019-05-13 20:50:00,AVE,21.95,Turista,Promo
2019-05-13 20:15:00,2019-05-13 21:55:00,AVE,33.65,Turista,Promo
2019-05-13 21:05:00,2019-05-13 23:32:00,INTERCITY,16.6,Turista,Promo
2019-05-11 06:38:00,2019-05-11 13:37:00,REGIONAL,28.35,Turista,Adulto ida
2019-05-11 08:00:00,2019-05-11 09:53:00,AVE,58.95,Preferente,Promo
2019-05-11 08:10:00,2019-05-11 12:22:00,INTERCITY,30.05,Turista,Promo
2019-05-11 09:00:00,2019-05-11 11:33:00,ALVIA,35.5,Turista,Promo
2019-05-11 09:40:00,2019-05-11 11:20:00,AVE,57.75,Turista,Promo
2019-05-11 10:40:00,2019-05-11 12:27:00,AVE,51.15,Turista,Promo
2019-05-11 12:40:00,2019-05-11 14:20:00,AVE,45.3,Turista,Promo
2019-05-11 14:10:00,2019-05-11 15:48:00,AVE,33.65,Turista,Promo
2019-05-11 14:50:00,2019-05-11 22:17:00,REGIONAL,28.35,Turista,Adulto ida
2019-05-11 15:10:00,2019-05-11 17:03:00,AVE,36.15,Preferente,Promo
2019-05-11 17:10:00,2019-05-11 18:50:00,AVE,27.8,Turista,Promo
2019-05-11 19:15:00,2019-05-11 21:01:00,AVE,27.8,Turista,Promo
2019-05-11 20:15:00,2019-05-11 21:55:00,AVE,27.8,Turista,Promo
2019-05-11 21:05:00,2019-05-11 23:32:00,INTERCITY,29.9,Turista,Promo
2019-05-12 06:38:00,2019-05-12 13:37:00,REGIONAL,28.35,Turista,Adulto ida
2019-05-12 08:00:00,2019-05-12 09:53:00,AVE,39.45,Turista,Promo
2019-05-12 09:50:00,2019-05-12 16:58:00,REGIONAL,28.35,Turista,Adulto ida
2019-05-12 10:40:00,2019-05-12 12:27:00,AVE,45.3,Turista,Promo
2019-05-12 12:40:00,2019-05-12 14:20:00,AVE,51.15,Turista,Promo
2019-05-12 14:10:00,2019-05-12 15:48:00,AVE,45.3,Turista,Promo
2019-05-12 14:50:00,2019-05-12 22:17:00,REGIONAL,28.35,Turista,Adulto ida
2019-05-12 15:10:00,2019-05-12 17:03:00,AVE,51.15,Turista,Promo
2019-05-12 16:15:00,2019-05-12 17:55:00,AVE,45.3,Turista,Promo
2019-05-12 17:10:00,2019-05-12 18:50:00,AVE,57.75,Turista,Promo
2019-05-12 17:30:00,2019-05-12 23:58:00,MD-LD,32.4,Turista con enlace,Promo +
2019-05-12 18:10:00,2019-05-12 19:57:00,AVE,66.55,Preferente,Promo
2019-05-12 18:35:00,2019-05-12 20:21:00,AVE,57.75,Turista,Promo
2019-05-12 19:15:00,2019-05-12 21:01:00,AVE,57.75,Turista,Promo
2019-05-12 20:15:00,2019-05-12 21:55:00,AVE,51.15,Turista,Promo
2019-05-12 21:05:00,2019-05-12 23:32:00,INTERCITY,43.75,Turista,Promo
2019-05-10 06:20:00,2019-05-10 10:36:00,INTERCITY,25.75,Turista,Promo
2019-05-10 06:30:00,2019-05-10 08:22:00,AVE,33.65,Turista,Promo
2019-05-10 06:38:00,2019-05-10 14:20:00,REGIONAL,28.35,Turista,Adulto ida
2019-05-10 07:10:00,2019-05-10 08:51:00,AVE,51.15,Turista,Promo
2019-05-10 08:00:00,2019-05-10 09:47:00,AVE,39.45,Turista,Promo
2019-05-10 09:00:00,2019-05-10 11:33:00,ALVIA,46.15,Preferente,Promo
2019-05-10 09:40:00,2019-05-10 11:20:00,AVE,45.3,Turista,Promo
2019-05-10 09:50:00,2019-05-10 16:58:00,REGIONAL,28.35,Turista,Adulto ida
2019-05-10 10:40:00,2019-05-10 12:32:00,AVE,51.15,Turista,Promo
2019-05-10 12:40:00,2019-05-10 14:20:00,AVE,51.15,Turista,Promo
2019-05-10 14:10:00,2019-05-10 15:48:00,AVE,51.15,Turista,Promo
2019-05-10 14:50:00,2019-05-10 22:04:00,REGIONAL,28.35,Turista,Adulto ida
2019-05-10 15:10:00,2019-05-10 17:03:00,AVE,46.8,Preferente,Promo
2019-05-10 16:15:00,2019-05-10 17:55:00,AVE,51.15,Turista,Promo
2019-05-10 17:10:00,2019-05-10 18:50:00,AVE,57.75,Turista,Promo
2019-05-10 17:30:00,2019-05-10 23:58:00,MD-LD,32.4,Turista con enlace,Promo +
2019-05-10 18:10:00,2019-05-10 19:57:00,AVE,51.15,Turista,Promo
2019-05-10 19:40:00,2019-05-10 21:23:00,AVE,45.3,Turista,Promo
2019-05-10 20:15:00,2019-05-10 21:55:00,AVE,45.3,Turista,Promo
2019-05-10 21:05:00,2019-05-10 23:32:00,INTERCITY,29.9,Turista,Promo
2019-05-09 06:20:00,2019-05-09 10:36:00,INTERCITY,20.6,Turista Plus,Promo
2019-05-09 06:30:00,2019-05-09 08:22:00,AVE,27.8,Turista,Promo
2019-05-09 06:38:00,2019-05-09 14:20:00,REGIONAL,28.35,Turista,Adulto ida
2019-05-09 07:10:00,2019-05-09 08:51:00,AVE,73.1,Turista,Flexible
2019-05-09 07:40:00,2019-05-09 09:20:00,AVE,45.3,Turista,Promo
2019-05-09 08:00:00,2019-05-09 09:47:00,AVE,33.65,Turista,Promo
2019-05-09 08:40:00,2019-05-09 10:20:00,AVE,27.8,Turista,Promo
2019-05-09 09:00:00,2019-05-09 11:33:00,ALVIA,35.5,Turista,Promo
2019-05-09 09:40:00,2019-05-09 11:20:00,AVE,27.8,Turista,Promo
2019-05-09 09:50:00,2019-05-09 17:28:00,REGIONAL,28.35,Turista,Adulto ida
2019-05-09 10:40:00,2019-05-09 12:32:00,AVE,27.8,Turista,Promo
2019-05-09 12:40:00,2019-05-09 14:20:00,AVE,33.65,Turista,Promo
2019-05-09 14:10:00,2019-05-09 15:48:00,AVE,45.3,Turista,Promo
2019-05-09 14:50:00,2019-05-09 22:30:00,REGIONAL,28.35,Turista,Adulto ida
2019-05-09 15:10:00,2019-05-09 17:03:00,AVE,39.45,Turista,Promo
2019-05-09 16:15:00,2019-05-09 17:55:00,AVE,57.75,Turista,Promo
2019-05-09 17:10:00,2019-05-09 18:50:00,AVE,66.55,Preferente,Promo
2019-05-09 17:30:00,2019-05-09 23:58:00,MD-LD,32.4,Turista con enlace,Promo +
2019-05-09 18:10:00,2019-05-09 19:57:00,AVE,57.75,Turista,Promo
2019-05-09 19:10:00,2019-05-09 20:50:00,AVE,39.45,Turista,Promo
2019-05-09 20:15:00,2019-05-09 21:55:00,AVE,39.45,Turista,Promo
2019-05-09 21:05:00,2019-05-09 23:32:00,INTERCITY,29.9,Turista,Promo
2019-04-21 06:38:00,2019-04-21 13:37:00,REGIONAL,28.35,Turista,Adulto ida
2019-04-21 08:00:00,2019-04-21 09:53:00,AVE,73.1,Turista,Flexible
2019-04-21 09:50:00,2019-04-21 16:58:00,REGIONAL,28.35,Turista,Adulto ida
2019-04-21 10:40:00,2019-04-21 12:27:00,AVE,123.2,Preferente,Flexible
2019-04-21 12:40:00,2019-04-21 14:20:00,AVE,73.1,Turista,Flexible
2019-04-21 14:10:00,2019-04-21 15:48:00,AVE,73.1,Turista,Flexible
2019-04-21 14:50:00,2019-04-21 22:17:00,REGIONAL,28.35,Turista,Adulto ida
2019-04-21 15:10:00,2019-04-21 17:03:00,AVE,,Turista,Flexible
2019-04-21 16:15:00,2019-04-21 17:55:00,AVE,,Turista,Flexible
2019-04-21 17:10:00,2019-04-21 18:50:00,AVE,,Turista,Flexible
2019-04-21 17:30:00,2019-04-21 23:58:00,MD-LD,,Turista,Flexible
2019-04-21 18:10:00,2019-04-21 19:57:00,AVE,,Turista,Flexible
2019-04-21 18:35:00,2019-04-21 20:21:00,AVE,,Turista,Flexible
2019-04-21 19:15:00,2019-04-21 21:01:00,AVE,,Turista,Flexible
2019-04-21 20:15:00,2019-04-21 21:55:00,AVE,73.1,Turista,Flexible
2019-04-21 21:05:00,2019-04-21 23:32:00,INTERCITY,,,
2019-05-08 06:20:00,2019-05-08 10:36:00,INTERCITY,17.15,Turista,Promo
2019-05-08 06:30:00,2019-05-08 08:22:00,AVE,27.8,Turista,Promo
2019-05-08 06:38:00,2019-05-08 14:20:00,REGIONAL,28.35,Turista,Adulto ida
2019-05-08 07:10:00,2019-05-08 08:51:00,AVE,57.75,Turista,Promo
2019-05-08 07:40:00,2019-05-08 09:20:00,AVE,57.75,Turista,Promo
2019-05-08 08:00:00,2019-05-08 09:47:00,AVE,39.45,Turista,Promo
2019-05-08 08:40:00,2019-05-08 10:20:00,AVE,39.45,Turista,Promo
2019-05-08 09:00:00,2019-05-08 11:33:00,ALVIA,35.5,Turista,Promo
2019-05-08 09:40:00,2019-05-08 11:20:00,AVE,39.45,Turista,Promo
2019-05-08 09:50:00,2019-05-08 17:28:00,REGIONAL,28.35,Turista,Adulto ida
2019-05-08 10:40:00,2019-05-08 12:32:00,AVE,57.75,Turista,Promo
2019-05-08 12:40:00,2019-05-08 14:20:00,AVE,33.65,Turista,Promo
2019-05-08 14:10:00,2019-05-08 15:48:00,AVE,33.65,Turista,Promo
2019-05-08 14:50:00,2019-05-08 22:30:00,REGIONAL,28.35,Turista,Adulto ida
2019-05-08 15:10:00,2019-05-08 17:03:00,AVE,39.45,Turista,Promo
2019-05-08 16:15:00,2019-05-08 17:55:00,AVE,39.45,Turista,Promo
2019-05-08 17:10:00,2019-05-08 18:50:00,AVE,51.15,Turista,Promo
2019-05-08 17:30:00,2019-05-08 23:58:00,MD-LD,32.4,Turista con enlace,Promo +
2019-05-08 18:10:00,2019-05-08 19:57:00,AVE,57.75,Turista,Promo
2019-05-08 19:10:00,2019-05-08 20:50:00,AVE,33.65,Turista,Promo
2019-05-08 20:15:00,2019-05-08 21:55:00,AVE,33.65,Turista,Promo
2019-05-08 21:05:00,2019-05-08 23:32:00,INTERCITY,29.9,Turista,Promo
2019-05-07 06:20:00,2019-05-07 10:36:00,INTERCITY,20.6,Turista Plus,Promo
2019-05-07 06:30:00,2019-05-07 08:22:00,AVE,45.3,Turista,Promo
2019-05-07 06:38:00,2019-05-07 14:20:00,REGIONAL,28.35,Turista,Adulto ida
2019-05-07 07:10:00,2019-05-07 08:51:00,AVE,73.1,Turista,Flexible
2019-05-07 07:40:00,2019-05-07 09:20:00,AVE,57.75,Turista,Promo
2019-05-07 08:00:00,2019-05-07 09:47:00,AVE,33.65,Turista,Promo
2019-05-07 08:40:00,2019-05-07 10:20:00,AVE,33.65,Turista,Promo
2019-05-07 09:00:00,2019-05-07 11:33:00,ALVIA,35.5,Turista,Promo
2019-05-07 09:40:00,2019-05-07 11:20:00,AVE,27.8,Turista,Promo
2019-05-07 09:50:00,2019-05-07 17:28:00,REGIONAL,28.35,Turista,Adulto ida
2019-05-07 10:40:00,2019-05-07 12:32:00,AVE,39.45,Turista,Promo
2019-05-07 12:40:00,2019-05-07 14:20:00,AVE,33.65,Turista,Promo
2019-05-07 14:10:00,2019-05-07 15:48:00,AVE,33.65,Turista,Promo
2019-05-07 14:50:00,2019-05-07 22:30:00,REGIONAL,28.35,Turista,Adulto ida
2019-05-07 15:10:00,2019-05-07 17:03:00,AVE,39.45,Turista,Promo
2019-05-07 16:15:00,2019-05-07 17:55:00,AVE,33.65,Turista,Promo
2019-05-07 17:10:00,2019-05-07 18:50:00,AVE,33.65,Turista,Promo
2019-05-07 17:30:00,2019-05-07 23:58:00,MD-LD,32.4,Turista con enlace,Promo +
2019-05-07 18:10:00,2019-05-07 19:57:00,AVE,33.65,Turista,Promo
2019-05-07 19:10:00,2019-05-07 20:50:00,AVE,27.8,Turista,Promo
2019-05-07 20:15:00,2019-05-07 21:55:00,AVE,27.8,Turista,Promo
2019-05-07 21:05:00,2019-05-07 23:32:00,INTERCITY,29.9,Turista,Promo
2019-05-06 06:20:00,2019-05-06 10:36:00,INTERCITY,36.05,Turista Plus,Promo
2019-05-06 06:30:00,2019-05-06 08:22:00,AVE,51.15,Turista,Promo
2019-05-06 06:38:00,2019-05-06 14:20:00,REGIONAL,28.35,Turista,Adulto ida
2019-05-06 07:10:00,2019-05-06 08:51:00,AVE,66.55,Preferente,Promo
2019-05-06 07:40:00,2019-05-06 09:20:00,AVE,57.75,Turista,Promo
2019-05-06 08:00:00,2019-05-06 09:47:00,AVE,39.45,Turista,Promo
2019-05-06 08:40:00,2019-05-06 10:20:00,AVE,39.45,Turista,Promo
2019-05-06 09:00:00,2019-05-06 11:33:00,ALVIA,35.5,Turista,Promo
2019-05-06 09:40:00,2019-05-06 11:20:00,AVE,45.3,Turista,Promo
2019-05-06 09:50:00,2019-05-06 17:28:00,REGIONAL,28.35,Turista,Adulto ida
2019-05-06 10:40:00,2019-05-06 12:32:00,AVE,51.15,Turista,Promo
2019-05-06 12:40:00,2019-05-06 14:20:00,AVE,45.3,Turista,Promo
2019-05-06 14:10:00,2019-05-06 15:48:00,AVE,33.65,Turista,Promo
2019-05-06 14:50:00,2019-05-06 22:30:00,REGIONAL,28.35,Turista,Adulto ida
2019-05-06 15:10:00,2019-05-06 17:03:00,AVE,39.45,Turista,Promo
2019-05-06 16:15:00,2019-05-06 17:55:00,AVE,33.65,Turista,Promo
2019-05-06 17:10:00,2019-05-06 18:50:00,AVE,27.8,Turista,Promo
2019-05-06 17:30:00,2019-05-06 23:58:00,MD-LD,32.4,Turista con enlace,Promo +
2019-05-06 18:10:00,2019-05-06 19:57:00,AVE,27.8,Turista,Promo
2019-05-06 19:10:00,2019-05-06 20:50:00,AVE,27.8,Turista,Promo
2019-05-06 20:15:00,2019-05-06 21:55:00,AVE,27.8,Turista,Promo
2019-05-06 21:05:00,2019-05-06 23:32:00,INTERCITY,21.05,Turista,Promo
2019-05-04 06:38:00,2019-05-04 13:37:00,REGIONAL,28.35,Turista,Adulto ida
2019-05-04 08:00:00,2019-05-04 09:53:00,AVE,57.75,Turista,Promo
2019-05-04 08:10:00,2019-05-04 12:22:00,INTERCITY,30.05,Turista,Promo
2019-05-04 09:00:00,2019-05-04 11:33:00,ALVIA,46.15,Preferente,Promo
2019-05-04 09:40:00,2019-05-04 11:20:00,AVE,45.3,Turista,Promo
2019-05-04 10:40:00,2019-05-04 12:27:00,AVE,45.3,Turista,Promo
2019-05-04 12:40:00,2019-05-04 14:20:00,AVE,33.65,Turista,Promo
2019-05-04 14:10:00,2019-05-04 15:48:00,AVE,33.65,Turista,Promo
2019-05-04 14:50:00,2019-05-04 22:17:00,REGIONAL,28.35,Turista,Adulto ida
2019-05-04 15:10:00,2019-05-04 17:03:00,AVE,51.15,Turista,Promo
2019-05-04 17:10:00,2019-05-04 18:50:00,AVE,57.75,Turista,Promo
2019-05-04 19:15:00,2019-05-04 21:01:00,AVE,45.3,Turista,Promo
2019-05-04 20:15:00,2019-05-04 21:55:00,AVE,33.65,Turista,Promo
2019-05-04 21:05:00,2019-05-04 23:32:00,INTERCITY,34.35,Turista,Promo
2019-05-03 06:20:00,2019-05-03 10:36:00,INTERCITY,30.05,Turista,Promo
2019-05-03 06:30:00,2019-05-03 08:22:00,AVE,33.65,Turista,Promo
2019-05-03 06:38:00,2019-05-03 14:20:00,REGIONAL,28.35,Turista,Adulto ida
2019-05-03 07:10:00,2019-05-03 08:51:00,AVE,51.15,Turista,Promo
2019-05-03 08:00:00,2019-05-03 09:47:00,AVE,39.45,Turista,Promo
2019-05-03 09:00:00,2019-05-03 11:33:00,ALVIA,71.0,Turista,Flexible
2019-05-03 09:40:00,2019-05-03 11:20:00,AVE,66.55,Preferente,Promo
2019-05-03 09:50:00,2019-05-03 16:58:00,REGIONAL,28.35,Turista,Adulto ida
2019-05-03 10:40:00,2019-05-03 12:32:00,AVE,66.55,Preferente,Promo
2019-05-03 12:40:00,2019-05-03 14:20:00,AVE,51.15,Turista,Promo
2019-05-03 14:10:00,2019-05-03 15:48:00,AVE,51.15,Turista,Promo
2019-05-03 14:50:00,2019-05-03 22:04:00,REGIONAL,28.35,Turista,Adulto ida
2019-05-03 15:10:00,2019-05-03 17:03:00,AVE,66.55,Preferente,Promo
2019-05-03 16:15:00,2019-05-03 17:55:00,AVE,51.15,Turista,Promo
2019-05-03 17:10:00,2019-05-03 18:50:00,AVE,66.55,Preferente,Promo
2019-05-03 17:30:00,2019-05-03 23:58:00,MD-LD,32.4,Turista con enlace,Promo +
2019-05-03 18:10:00,2019-05-03 19:57:00,AVE,51.15,Turista,Promo
2019-05-03 19:40:00,2019-05-03 21:23:00,AVE,45.3,Turista,Promo
2019-05-03 20:15:00,2019-05-03 21:55:00,AVE,39.45,Turista,Promo
2019-05-03 21:05:00,2019-05-03 23:32:00,INTERCITY,21.05,Turista,Promo
2019-05-02 06:20:00,2019-05-02 10:36:00,INTERCITY,25.75,Turista Plus,Promo
2019-05-02 06:38:00,2019-05-02 14:20:00,REGIONAL,28.35,Turista,Adulto ida
2019-05-02 07:10:00,2019-05-02 08:51:00,AVE,73.1,Turista,Flexible
2019-05-02 08:00:00,2019-05-02 09:47:00,AVE,33.65,Turista,Promo
2019-05-02 09:00:00,2019-05-02 11:33:00,ALVIA,64.6,Preferente,Promo
2019-05-02 09:40:00,2019-05-02 11:20:00,AVE,33.65,Turista,Promo
2019-05-02 09:50:00,2019-05-02 17:28:00,REGIONAL,28.35,Turista,Adulto ida
2019-05-02 10:40:00,2019-05-02 12:32:00,AVE,33.65,Turista,Promo
2019-05-02 12:40:00,2019-05-02 14:20:00,AVE,39.45,Turista,Promo
2019-05-02 14:10:00,2019-05-02 15:48:00,AVE,39.45,Turista,Promo
2019-05-02 14:50:00,2019-05-02 22:30:00,REGIONAL,28.35,Turista,Adulto ida
2019-05-02 15:10:00,2019-05-02 17:03:00,AVE,39.45,Turista,Promo
2019-05-02 16:15:00,2019-05-02 17:55:00,AVE,57.75,Turista,Promo
2019-05-02 17:10:00,2019-05-02 18:50:00,AVE,66.55,Preferente,Promo
2019-05-02 17:30:00,2019-05-02 23:58:00,MD-LD,32.4,Turista con enlace,Promo +
2019-05-02 18:10:00,2019-05-02 19:57:00,AVE,66.55,Preferente,Promo
2019-05-02 19:15:00,2019-05-02 21:01:00,AVE,45.3,Turista,Promo
2019-05-02 20:15:00,2019-05-02 21:55:00,AVE,39.45,Turista,Promo
2019-05-02 21:05:00,2019-05-02 23:32:00,INTERCITY,29.9,Turista,Promo
2019-05-01 06:38:00,2019-05-01 13:37:00,REGIONAL,28.35,Turista,Adulto ida
2019-05-01 07:40:00,2019-05-01 09:20:00,AVE,27.8,Turista,Promo
2019-05-01 08:00:00,2019-05-01 09:53:00,AVE,39.45,Turista,Promo
2019-05-01 09:00:00,2019-05-01 11:33:00,ALVIA,71.0,Turista,Flexible
2019-05-01 09:40:00,2019-05-01 11:20:00,AVE,33.65,Turista,Promo
2019-05-01 09:50:00,2019-05-01 16:58:00,REGIONAL,28.35,Turista,Adulto ida
2019-05-01 10:40:00,2019-05-01 12:32:00,AVE,39.45,Turista,Promo
2019-05-01 12:40:00,2019-05-01 14:20:00,AVE,33.65,Turista,Promo
2019-05-01 14:10:00,2019-05-01 15:48:00,AVE,27.8,Turista,Promo
2019-05-01 14:50:00,2019-05-01 22:17:00,REGIONAL,28.35,Turista,Adulto ida
2019-05-01 15:10:00,2019-05-01 17:03:00,AVE,45.3,Turista,Promo
2019-05-01 17:10:00,2019-05-01 18:50:00,AVE,57.75,Turista,Promo
2019-05-01 17:30:00,2019-05-01 23:58:00,MD-LD,32.4,Turista con enlace,Promo +
2019-05-01 18:10:00,2019-05-01 19:57:00,AVE,57.75,Turista,Promo
2019-05-01 19:15:00,2019-05-01 21:01:00,AVE,33.65,Turista,Promo
2019-05-01 20:15:00,2019-05-01 21:55:00,AVE,33.65,Turista,Promo
2019-05-01 21:05:00,2019-05-01 23:32:00,INTERCITY,29.9,Turista,Promo
2019-04-29 06:20:00,2019-04-29 10:36:00,INTERCITY,25.75,Turista,Promo
2019-04-29 06:30:00,2019-04-29 08:22:00,AVE,39.45,Turista,Promo
2019-04-29 06:38:00,2019-04-29 14:20:00,REGIONAL,28.35,Turista,Adulto ida
2019-04-29 07:10:00,2019-04-29 08:51:00,AVE,57.75,Turista,Promo
2019-04-29 08:00:00,2019-04-29 09:47:00,AVE,66.55,Preferente,Promo
2019-04-29 09:00:00,2019-04-29 11:33:00,ALVIA,46.15,Preferente,Promo
2019-04-29 09:40:00,2019-04-29 11:20:00,AVE,66.55,Preferente,Promo
2019-04-29 09:50:00,2019-04-29 17:28:00,REGIONAL,28.35,Turista,Adulto ida
2019-04-29 10:40:00,2019-04-29 12:32:00,AVE,51.15,Turista,Promo
2019-04-29 12:40:00,2019-04-29 14:20:00,AVE,39.45,Turista,Promo
2019-04-29 14:10:00,2019-04-29 15:48:00,AVE,27.8,Turista,Promo
2019-04-29 14:50:00,2019-04-29 22:30:00,REGIONAL,28.35,Turista,Adulto ida
2019-04-29 15:10:00,2019-04-29 17:03:00,AVE,39.45,Turista,Promo
2019-04-29 16:15:00,2019-04-29 17:55:00,AVE,27.8,Turista,Promo
2019-04-29 17:10:00,2019-04-29 18:50:00,AVE,27.8,Turista,Promo
2019-04-29 17:30:00,2019-04-29 23:58:00,MD-LD,32.4,Turista con enlace,Promo +
2019-04-29 18:10:00,2019-04-29 19:57:00,AVE,27.8,Turista,Promo
2019-04-29 19:10:00,2019-04-29 20:50:00,AVE,27.8,Turista,Promo
2019-04-29 20:15:00,2019-04-29 21:55:00,AVE,27.8,Turista,Promo
2019-04-29 21:05:00,2019-04-29 23:32:00,INTERCITY,29.9,Turista,Promo
2019-04-19 09:00:00,2019-04-19 11:33:00,ALVIA,,Turista,Adulto ida
2019-04-19 09:50:00,2019-04-19 16:58:00,REGIONAL,28.35,Turista,Adulto ida
2019-04-19 10:40:00,2019-04-19 12:32:00,AVE,73.1,Turista,Flexible
2019-04-19 12:40:00,2019-04-19 14:20:00,AVE,,Turista,Flexible
2019-04-19 14:10:00,2019-04-19 15:48:00,AVE,73.1,Turista,Flexible
2019-04-19 14:50:00,2019-04-19 22:04:00,REGIONAL,28.35,Turista,Adulto ida
2019-04-19 15:10:00,2019-04-19 17:03:00,AVE,73.1,Turista,Flexible
2019-04-19 16:15:00,2019-04-19 17:55:00,AVE,66.55,Preferente,Promo
2019-04-19 17:10:00,2019-04-19 18:50:00,AVE,73.1,Turista,Flexible
2019-04-19 18:10:00,2019-04-19 19:57:00,AVE,73.1,Turista,Flexible
2019-04-19 20:15:00,2019-04-19 21:55:00,AVE,66.55,Preferente,Promo
2019-04-19 21:05:00,2019-04-19 23:32:00,INTERCITY,55.4,Turista,Flexible
2019-04-20 06:38:00,2019-04-20 13:37:00,REGIONAL,28.35,Turista,Adulto ida
2019-04-20 08:00:00,2019-04-20 09:53:00,AVE,73.1,Turista,Flexible
2019-04-20 09:00:00,2019-04-20 11:33:00,ALVIA,71.0,Turista,Flexible
2019-04-20 09:40:00,2019-04-20 11:20:00,AVE,73.1,Turista,Flexible
2019-04-20 10:40:00,2019-04-20 12:27:00,AVE,73.1,Turista,Flexible
2019-04-20 12:40:00,2019-04-20 14:20:00,AVE,73.1,Turista,Flexible
2019-04-20 14:10:00,2019-04-20 15:48:00,AVE,73.1,Turista,Flexible
2019-04-20 14:50:00,2019-04-20 22:17:00,REGIONAL,28.35,Turista,Adulto ida
2019-04-20 15:10:00,2019-04-20 17:03:00,AVE,73.1,Turista,Flexible
2019-04-20 17:10:00,2019-04-20 18:50:00,AVE,73.1,Turista,Flexible
2019-04-20 19:15:00,2019-04-20 21:01:00,AVE,73.1,Turista,Flexible
2019-04-20 20:15:00,2019-04-20 21:55:00,AVE,,,
2019-04-20 21:05:00,2019-04-20 23:32:00,INTERCITY,,,
2019-04-24 06:20:00,2019-04-24 10:36:00,INTERCITY,,Preferente,Promo
2019-04-24 06:30:00,2019-04-24 08:22:00,AVE,66.55,Preferente,Promo
2019-04-24 06:38:00,2019-04-24 14:20:00,REGIONAL,28.35,Turista,Adulto ida
2019-04-24 07:10:00,2019-04-24 08:51:00,AVE,73.1,Turista,Flexible
2019-04-24 07:40:00,2019-04-24 09:20:00,AVE,,Turista,Flexible
2019-04-24 08:00:00,2019-04-24 09:47:00,AVE,73.1,Turista,Flexible
2019-04-24 08:40:00,2019-04-24 10:20:00,AVE,66.55,Preferente,Promo
2019-04-24 09:00:00,2019-04-24 11:33:00,ALVIA,49.7,Turista,Promo
2019-04-24 09:40:00,2019-04-24 11:20:00,AVE,66.55,Preferente,Promo
2019-04-24 09:50:00,2019-04-24 17:28:00,REGIONAL,28.35,Turista,Adulto ida
2019-04-24 10:40:00,2019-04-24 12:32:00,AVE,66.55,Preferente,Promo
2019-04-24 12:40:00,2019-04-24 14:20:00,AVE,51.15,Turista,Promo
2019-04-24 14:10:00,2019-04-24 15:48:00,AVE,45.3,Turista,Promo
2019-04-24 14:50:00,2019-04-24 22:30:00,REGIONAL,28.35,Turista,Adulto ida
2019-04-24 15:10:00,2019-04-24 17:03:00,AVE,66.55,Preferente,Promo
2019-04-24 16:15:00,2019-04-24 17:55:00,AVE,45.3,Turista,Promo
2019-04-24 17:10:00,2019-04-24 18:50:00,AVE,66.55,Preferente,Promo
2019-04-24 17:30:00,2019-04-24 23:58:00,MD-LD,32.4,Turista con enlace,Promo +
2019-04-24 18:10:00,2019-04-24 19:57:00,AVE,66.55,Preferente,Promo
2019-04-24 19:10:00,2019-04-24 20:50:00,AVE,57.75,Turista,Promo
2019-04-24 20:15:00,2019-04-24 21:55:00,AVE,39.45,Turista,Promo
2019-04-24 21:05:00,2019-04-24 23:32:00,INTERCITY,29.9,Turista,Promo
2019-05-22 06:20:00,2019-05-22 10:36:00,INTERCITY,17.15,Turista,Promo
2019-05-22 06:30:00,2019-05-22 08:22:00,AVE,21.95,Turista,Promo
2019-05-22 06:38:00,2019-05-22 14:20:00,REGIONAL,28.35,Turista,Adulto ida
2019-05-22 07:10:00,2019-05-22 08:51:00,AVE,57.75,Turista,Promo
2019-05-22 07:40:00,2019-05-22 09:20:00,AVE,57.75,Turista,Promo
2019-05-22 08:00:00,2019-05-22 09:47:00,AVE,21.95,Turista,Promo
2019-05-22 08:40:00,2019-05-22 10:20:00,AVE,33.65,Turista,Promo
2019-05-22 09:00:00,2019-05-22 11:33:00,ALVIA,35.5,Turista,Promo
2019-05-22 09:40:00,2019-05-22 11:20:00,AVE,21.95,Turista,Promo
2019-05-22 09:50:00,2019-05-22 17:28:00,REGIONAL,28.35,Turista,Adulto ida
2019-05-22 10:40:00,2019-05-22 12:32:00,AVE,21.95,Turista,Promo
2019-05-22 12:40:00,2019-05-22 14:20:00,AVE,33.65,Turista,Promo
2019-05-22 14:10:00,2019-05-22 15:48:00,AVE,33.65,Turista,Promo
2019-05-22 14:50:00,2019-05-22 22:30:00,REGIONAL,28.35,Turista,Adulto ida
2019-05-22 15:10:00,2019-05-22 17:03:00,AVE,39.45,Turista,Promo
2019-05-22 16:15:00,2019-05-22 17:55:00,AVE,39.45,Turista,Promo
2019-05-22 17:10:00,2019-05-22 18:50:00,AVE,45.3,Turista,Promo
2019-05-22 17:30:00,2019-05-22 23:58:00,MD-LD,32.4,Turista con enlace,Promo +
2019-05-22 18:10:00,2019-05-22 19:57:00,AVE,57.75,Turista,Promo
2019-05-22 19:10:00,2019-05-22 20:50:00,AVE,27.8,Turista,Promo
2019-05-22 20:15:00,2019-05-22 21:55:00,AVE,21.95,Turista,Promo
2019-05-22 21:05:00,2019-05-22 23:32:00,INTERCITY,29.9,Turista,Promo
2019-05-15 06:20:00,2019-05-15 10:36:00,INTERCITY,17.15,Turista,Promo
2019-05-15 06:30:00,2019-05-15 08:22:00,AVE,21.95,Turista,Promo
2019-05-15 06:38:00,2019-05-15 14:20:00,REGIONAL,28.35,Turista,Adulto ida
2019-05-15 07:10:00,2019-05-15 08:51:00,AVE,21.95,Turista,Promo
2019-05-15 07:40:00,2019-05-15 09:20:00,AVE,21.95,Turista,Promo
2019-05-15 08:40:00,2019-05-15 10:20:00,AVE,21.95,Turista,Promo
2019-05-15 09:00:00,2019-05-15 11:33:00,ALVIA,35.5,Turista,Promo
2019-05-15 09:40:00,2019-05-15 11:20:00,AVE,21.95,Turista,Promo
2019-05-15 09:50:00,2019-05-15 17:28:00,REGIONAL,28.35,Turista,Adulto ida
2019-05-15 10:40:00,2019-05-15 12:32:00,AVE,33.65,Turista,Promo
2019-05-15 12:40:00,2019-05-15 14:20:00,AVE,33.65,Turista,Promo
2019-05-15 14:10:00,2019-05-15 15:48:00,AVE,33.65,Turista,Promo
2019-05-15 14:50:00,2019-05-15 22:30:00,REGIONAL,28.35,Turista,Adulto ida
2019-05-15 15:10:00,2019-05-15 17:03:00,AVE,27.8,Turista,Promo
2019-05-15 16:15:00,2019-05-15 17:55:00,AVE,33.65,Turista,Promo
2019-05-15 17:10:00,2019-05-15 18:50:00,AVE,45.3,Turista,Promo
2019-05-15 17:30:00,2019-05-15 23:58:00,MD-LD,32.4,Turista con enlace,Promo +
2019-05-15 18:10:00,2019-05-15 19:57:00,AVE,57.75,Turista,Promo
2019-05-15 19:15:00,2019-05-15 21:01:00,AVE,57.75,Turista,Promo
2019-05-15 20:15:00,2019-05-15 21:55:00,AVE,33.65,Turista,Promo
2019-05-15 21:05:00,2019-05-15 23:32:00,INTERCITY,16.6,Turista,Promo
2019-05-05 06:38:00,2019-05-05 13:37:00,REGIONAL,28.35,Turista,Adulto ida
2019-05-05 08:00:00,2019-05-05 09:53:00,AVE,57.75,Turista,Promo
2019-05-05 09:50:00,2019-05-05 16:58:00,REGIONAL,28.35,Turista,Adulto ida
2019-05-05 10:40:00,2019-05-05 12:27:00,AVE,57.75,Turista,Promo
2019-05-05 12:40:00,2019-05-05 14:20:00,AVE,51.15,Turista,Promo
2019-05-05 14:10:00,2019-05-05 15:48:00,AVE,51.15,Turista,Promo
2019-05-05 14:50:00,2019-05-05 22:17:00,REGIONAL,28.35,Turista,Adulto ida
2019-05-05 15:10:00,2019-05-05 17:03:00,AVE,66.55,Preferente,Promo
2019-05-05 16:15:00,2019-05-05 17:55:00,AVE,45.3,Turista,Promo
2019-05-05 17:10:00,2019-05-05 18:50:00,AVE,73.1,Turista,Flexible
2019-05-05 17:30:00,2019-05-05 23:58:00,MD-LD,32.4,Turista con enlace,Promo +
2019-05-05 18:10:00,2019-05-05 19:57:00,AVE,73.1,Turista,Flexible
2019-05-05 18:35:00,2019-05-05 20:21:00,AVE,73.1,Turista,Flexible
2019-05-05 19:15:00,2019-05-05 21:01:00,AVE,73.1,Turista,Flexible
2019-05-05 20:15:00,2019-05-05 21:55:00,AVE,73.1,Turista,Flexible
2019-05-05 21:05:00,2019-05-05 23:32:00,INTERCITY,55.4,Turista,Flexible
2019-04-30 06:20:00,2019-04-30 10:36:00,INTERCITY,25.75,Turista Plus,Promo
2019-04-30 06:30:00,2019-04-30 08:22:00,AVE,33.65,Turista,Promo
2019-04-30 06:38:00,2019-04-30 14:20:00,REGIONAL,28.35,Turista,Adulto ida
2019-04-30 07:10:00,2019-04-30 08:51:00,AVE,57.75,Turista,Promo
2019-04-30 08:00:00,2019-04-30 09:47:00,AVE,33.65,Turista,Promo
2019-04-30 09:00:00,2019-04-30 11:33:00,ALVIA,35.5,Turista,Promo
2019-04-30 09:40:00,2019-04-30 11:20:00,AVE,33.65,Turista,Promo
2019-04-30 09:50:00,2019-04-30 17:28:00,REGIONAL,28.35,Turista,Adulto ida
2019-04-30 10:40:00,2019-04-30 12:32:00,AVE,33.65,Turista,Promo
2019-04-30 12:40:00,2019-04-30 14:20:00,AVE,27.8,Turista,Promo
2019-04-30 14:10:00,2019-04-30 15:48:00,AVE,27.8,Turista,Promo
2019-04-30 14:50:00,2019-04-30 22:30:00,REGIONAL,28.35,Turista,Adulto ida
2019-04-30 15:10:00,2019-04-30 17:03:00,AVE,39.45,Turista,Promo
2019-04-30 16:15:00,2019-04-30 17:55:00,AVE,33.65,Turista,Promo
2019-04-30 17:10:00,2019-04-30 18:50:00,AVE,33.65,Turista,Promo
2019-04-30 17:30:00,2019-04-30 23:58:00,MD-LD,32.4,Turista con enlace,Promo +
2019-04-30 18:10:00,2019-04-30 19:57:00,AVE,33.65,Turista,Promo
2019-04-30 19:10:00,2019-04-30 20:50:00,AVE,27.8,Turista,Promo
2019-04-30 20:15:00,2019-04-30 21:55:00,AVE,21.95,Turista,Promo
2019-04-30 21:05:00,2019-04-30 23:32:00,INTERCITY,29.9,Turista,Promo
